manager_true_ultimate_parent_country_of_headquarters,amount_usd_m,rank,pct
United States of America,329.8127176902046,1,0.6234364139679568
Spain,130.6016082493295,2,0.24687282793591356
Brazil,68.60950119154558,3,0.12969075809612968
